{
  "achieved_analysis_fps": 12.139355878406265,
  "analysis_fps": 8.0,
  "analyzed_frames": 4800,
  "checkpoint": "checkpoints/m3_gated_best.pt",
  "checkpoint_sha256": "004445a74504435a0e51fa4cb1c0c77659779ff3a1985877c6a08151ee0202ee",
  "classifier_calls": 543,
  "classifier_calls_per_min": 82.39587802468253,
  "classifier_latency_p50_ms": 14.287700178101659,
  "classifier_latency_p95_ms": 103.43681997619568,
  "clip_length": 50,
  "cuda": "13.0",
  "deadline_miss_count": 416,
  "deadline_miss_rate": 0.08666666666666667,
  "device": "cuda",
  "gate_activations": 543,
  "gate_activations_per_min": 82.39587802468253,
  "gpu_util_mean_percent": 9.722863741339491,
  "height": 1440,
  "label_access": "forbidden_in_runtime",
  "latency_p50_ms": 21.382400067523122,
  "latency_p95_ms": 310.30353510286665,
  "latency_p99_ms": 645.932445926592,
  "loop_source": true,
  "measured_source_duration_sec": 599.9845016250163,
  "mode": "m3_gated",
  "platform": "Windows-11-10.0.26200-SP0",
  "power_mean_w": 69.33683602771363,
  "power_peak_w": 108.2,
  "protocol": "one_camera_1440p30_ingest_8fps_analytics_t50",
  "python": "3.13.9 | packaged by Anaconda, Inc. | (main, Oct 21 2025, 19:09:58) [MSC v.1929 64 bit (AMD64)]",
  "release_run_id": "m3_gated__mixed__r2",
  "source": "workload_media/mixed_controlled_1440p30.mp4",
  "source_fps_reported": 30.000358335991898,
  "source_fps_requested": 30.0,
  "source_frame_count_reported": 17987,
  "source_frames": 19801,
  "source_loop_count": 1,
  "thresholds": {
    "clip_length": 50,
    "cluster_min_pts": 2,
    "crowd_retain_frames": 3,
    "detector_imgsz": 640,
    "hdbscan_epsilon": 0.0,
    "image_size": 224,
    "iou_gate": 0.85,
    "kappa_frames": 2,
    "person_conf": 0.25,
    "rearm_frames": 2,
    "threshold": 0.475,
    "velocity_gate": 0.05
  },
  "torch": "2.11.0+cu130",
  "vram_peak_mb": 8042.0,
  "width": 2560
}
