{
  "achieved_analysis_fps": 4.409896039591979,
  "analysis_fps": 8.0,
  "analyzed_frames": 4800,
  "checkpoint": "checkpoints/m3_route_on_best.pt",
  "checkpoint_sha256": "004445a74504435a0e51fa4cb1c0c77659779ff3a1985877c6a08151ee0202ee",
  "classifier_calls": 707,
  "classifier_calls_per_min": 38.972456249894115,
  "classifier_latency_p50_ms": 19.092100206762552,
  "classifier_latency_p95_ms": 109.94681987212971,
  "clip_length": 50,
  "cuda": "13.0",
  "deadline_miss_count": 1421,
  "deadline_miss_rate": 0.29604166666666665,
  "device": "cuda",
  "eligible_candidates": 3215,
  "gate_activations": 707,
  "gate_activations_per_min": 38.972456249894115,
  "gpu_board_energy_coverage_sec": 1087.1865107999183,
  "gpu_board_energy_j": 72835.27217005333,
  "gpu_board_energy_j_per_update": 15.174015035427777,
  "gpu_board_energy_scope": "GPU board only; trapezoidal integration of measurement-only nvidia-smi samples",
  "gpu_util_mean_percent": 9.434659090909092,
  "height": 1440,
  "label_access": "forbidden_in_runtime",
  "latency_p50_ms": 26.221449952572584,
  "latency_p95_ms": 717.3701849998909,
  "latency_p99_ms": 1039.5286048925507,
  "loop_source": true,
  "measured_source_duration_sec": 599.986464115231,
  "mode": "m3_route_on",
  "platform": "Windows-11-10.0.26200-SP0",
  "power_mean_w": 66.90625946969698,
  "power_peak_w": 103.65,
  "protocol": "one_camera_1440p30_ingest_8fps_analytics_t50",
  "python": "3.13.9 | packaged by Anaconda, Inc. | (main, Oct 21 2025, 19:09:58) [MSC v.1929 64 bit (AMD64)]",
  "q_candidate": 0.21990668740279937,
  "q_update": 0.14729166666666665,
  "release_run_id": "m3_route_on__kinetic__r2",
  "route_selected_candidates": 707,
  "source": "workload_media/kinetic_rich_1440p30.mp4",
  "source_fps_reported": 30.00026018764733,
  "source_fps_requested": 30.0,
  "source_frame_count_reported": 18016,
  "source_frames": 19801,
  "source_loop_count": 1,
  "thresholds": {
    "clip_length": 50,
    "cluster_min_pts": 2,
    "crowd_retain_frames": 3,
    "detector_imgsz": 640,
    "hash_candidates": true,
    "hdbscan_epsilon": 0.0,
    "image_size": 224,
    "iou_gate": 0.85,
    "kappa_frames": 2,
    "person_conf": 0.25,
    "rearm_frames": 2,
    "threshold": 0.475,
    "velocity_gate": 0.05
  },
  "torch": "2.11.0+cu130",
  "vram_peak_mb": 7870.0,
  "width": 2560
}
